city,total_revenue,total_orders,unique_users
Hyderabad,330183238.9900002,3572,547
Kolkata,313944514.69,3339,502
Mumbai,310935883.74000007,3332,516
Delhi,308814557.25999975,3284,499
Jaipur,302218967.1400003,3269,507
Bangalore,297122619.15,3210,502
Ahmedabad,297045677.99999976,3207,494
Pune,292516099.5799999,3160,485
Chennai,290140584.08000016,3148,471
Lucknow,280177514.92,2991,471
