category,revenue,order_count,avg_order_value
TOYS,490688458.6300045,4885,100447.99562538475
BOOKS,442281179.9000002,4149,106599.46490720661
ELECTRONICS,403291401.92000216,4274,94359.24237716476
SPORTS,383719098.29000324,4287,89507.60398647148
GROCERY,370924680.86000204,3787,97946.83941378453
BEAUTY,338521450.93999934,3861,87677.1434706033
FASHION,297900671.92999846,3653,81549.59538187749
HOME & KITCHEN,295772715.08000064,3616,81795.55173672584
